9,Martini,19640516 198601 2 003,bio0002,3
10,Nurjanah,19671016 199003 2 006,bio0003,3
11,Joko Mulyono,19680517 199003 2 008,bio0004,3
12,Kartini,19691202 199412 2 004,bio0005,3
13,Juminah,19710403 199802 2 005,bio0006,3
14,Sumarti,19681222 199903 2 002,bio0007,3
15,Dra. Siti Bakdiyatni,19731112 199903 2 006,bio0008,3
16,Suprihatmanto,19670504 200501 1 010,bio0009,3
17,Tristiani,19630922 198601 2 002,bio0010,3
18,Agus Suwarno,19650804 198703 1 013,bio0011,3
19,Lilik Kustyaningsih,19631103 198601 2 001,bio0012,3
20,Eny Arin D. A.,19640916 198601 2 003,bio0013,3
21,Sri Purwanti,19650214 199512 2 003,bio0014,3
22,Puji Widodo,19660118 198902 1 002,bio0015,3
23,Ninik Ariyani,19680616 199412 1 002,bio0016,3
24,Purwanti,19700308 199702 2 001,bio0017,3
25,Ratmanto,19720123 199903 1 002,bio0018,3
26,Walini,19660209 198703 2 003,bio0019,3
27,Tri Mukti H.S.Pd,19640402 198603 1 020,bio0020,3
28,Parni,19740522 200701 1 004,bio0021,3
29,Agustina Wikansih N.,19681117 200604 2 004,bio0022,3
30,Supratman,19730602 201001 2 004,bio0023,3
31,Endang Wahyuni,19650530 200701 1 005,bio0024,3
32,Drs. Didik Joko Purwadi,19800805 200801 2 014,bio0025,3
33,Darmono ,19791230 201101 2 006,bio0026,3
34,Sudirman,19681112 202121 1 002,bio0027,3
35,Atun Kusdariyati,19780523 202121 2 003,bio0028,3
36,Ratna Sri Wulan C,19810921 202221 2 010,bio0029,3
37,Retno T. J,19830626 202221 2 022,bio0030,3
38,Sri Sumarni,19760618 202221 2 012,bio0031,3
39,May Nurhidayah,19920511 202221 2 020,bio0032,3
40,MARSITI,-,bio0033,3
41,JAROT PUJO ATMOKO,-,bio0034,3
42,Wit Dwi A.,-,bio0035,3
43,WARSITO,-,bio0036,3
44,Trias,-,bio0037,3
45,Dwi Indarwati,-,bio0038,3
46,SAPTO NUGROHO,-,bio0039,3
47,NUR  AZIZ MU'TASIM,-,bio0040,3
48,TRI RUSTANTO,-,bio0041,3
49,TITUS ANGGA SANDIKA,-,bio0042,3
50,Indras Susilowati,-,bio0043,3
51,Abdul Wahid,-,bio0044,3
52,Gita Candra Oktari,-,bio0045,3
53,Ocfitasari Aditian,-,bio0046,3
54,Surati,-,bio0047,3
55,Nandana Abit Ardiadesta,-,bio0048,3
,,,,
